<application>
  <component name="libraryTable">
    <library name="lib">
      <CLASSES>
        <root url="file://D:/Applications/tomcat8/lib" />
      </CLASSES>
      <JAVADOC />
      <SOURCES>
        <root url="jar://D:/Applications/tomcat8/lib/el-api.jar!/" />
      </SOURCES>
      <jarDirectory url="file://D:/Applications/tomcat8/lib" recursive="false" />
    </library>
    <library name="scala-sdk-2.11.8" type="Scala">
      <properties>
        <language-level>Scala_2_11</language-level>
        <compiler-classpath>
          <root url="file://$MAVEN_REPOSITORY$/org/scala-lang/scala-compiler/2.11.8/scala-compiler-2.11.8.jar" />
          <root url="file://$MAVEN_REPOSITORY$/org/scala-lang/scala-library/2.11.8/scala-library-2.11.8.jar" />
          <root url="file://$MAVEN_REPOSITORY$/org/scala-lang/scala-reflect/2.11.8/scala-reflect-2.11.8.jar" />
        </compiler-classpath>
      </properties>
      <CLASSES>
        <root url="jar://$MAVEN_REPOSITORY$/org/scala-lang/scala-library/2.11.8/scala-library-2.11.8.jar!/" />
        <root url="jar://$MAVEN_REPOSITORY$/org/scala-lang/scala-reflect/2.11.8/scala-reflect-2.11.8.jar!/" />
        <root url="jar://$MAVEN_REPOSITORY$/org/scala-lang/scala-library/2.11.8/scala-library-2.11.8-sources.jar!/" />
        <root url="jar://$MAVEN_REPOSITORY$/org/scala-lang/scala-reflect/2.11.8/scala-reflect-2.11.8-sources.jar!/" />
      </CLASSES>
      <JAVADOC>
        <root url="jar://$MAVEN_REPOSITORY$/org/scala-lang/scala-library/2.11.8/scala-library-2.11.8-javadoc.jar!/" />
        <root url="jar://$MAVEN_REPOSITORY$/org/scala-lang/scala-reflect/2.11.8/scala-reflect-2.11.8-javadoc.jar!/" />
      </JAVADOC>
      <SOURCES />
    </library>
  </component>
</application>