<application>
  <component name="WebDeploymentTransportHostTargets">
    <option name="stateHostTargets">
      <list>
        <WebDeploymentTransportHostTarget>
          <option name="hostId" value="16c37df8-58fc-4c9f-b0f9-331f33c659d0" />
          <option name="target">
            <TransportTarget>
              <option name="id" value="74a63a48-91f6-4ddd-80af-3f3cc2889ffb" />
              <id>74a63a48-91f6-4ddd-80af-3f3cc2889ffb</id>
            </TransportTarget>
          </option>
          <option name="targetPath" value="" />
        </WebDeploymentTransportHostTarget>
        <WebDeploymentTransportHostTarget>
          <option name="hostId" value="16c37df8-58fc-4c9f-b0f9-331f33c659d0" />
          <option name="target">
            <TransportTarget>
              <option name="id" value="03daa85e-35bd-4238-b873-3f63e4cd92f3" />
              <id>03daa85e-35bd-4238-b873-3f63e4cd92f3</id>
            </TransportTarget>
          </option>
          <option name="targetPath" value="" />
        </WebDeploymentTransportHostTarget>
      </list>
    </option>
  </component>
</application>